{
  "version": 1,
  "author": "JAREED Weight Module",
  "editor": "wokwi",
  "parts": [
    { "type": "wokwi-arduino-mega", "id": "mega", "top": 220, "left": 80, "attrs": {} },
    { "type": "wokwi-hx711", "id": "hx", "top": 69.8, "left": 319.4, "attrs": {} },
    {
      "type": "wokwi-load-cell",
      "id": "lc",
      "top": 60,
      "left": 520,
      "attrs": { "capacity": "5000" }
    },
    {
      "type": "wokwi-lcd1602",
      "id": "lcd",
      "top": 256,
      "left": 428,
      "attrs": { "pins": "i2c", "address": "0x27" }
    }
  ],
  "connections": [
    [ "hx:VCC", "mega:5V", "red", [] ],
    [ "hx:GND", "mega:GND.1", "black", [] ],
    [ "hx:DT", "mega:2", "green", [] ],
    [ "hx:SCK", "mega:3", "green", [] ],
    [ "lcd:VCC", "mega:5V", "red", [] ],
    [ "lcd:GND", "mega:GND.2", "black", [] ],
    [ "lcd:SDA", "mega:20", "blue", [] ],
    [ "lcd:SCL", "mega:21", "blue", [] ],
    [ "lc:SIG+", "hx:A+", "gray", [] ],
    [ "lc:SIG-", "hx:A-", "gray", [] ],
    [ "lc:VCC", "hx:E+", "gray", [] ],
    [ "lc:GND", "hx:E-", "gray", [] ]
  ],
  "dependencies": {}
}